{
  "MonsoonWellness": [
    {
      "imgUrl": "https://onemg.gumlet.io/c_fit,f_auto,h_150,q_auto,a_ignore,w_150/egh2aj4d1wjc5cdpwhri.png",
      "title": "Baidyanath"
    },
    {
      "imgUrl": "https://onemg.gumlet.io/c_fit,f_auto,h_150,q_auto,a_ignore,w_150/cbpds7xlfxiuhxngnrny.jpg",
      "title": "HealthKart"
    },
    {
      "imgUrl": "https://onemg.gumlet.io/c_fit,f_auto,h_150,q_auto,a_ignore,w_150/ojflleksz17wnmo99bhd.jpg",
      "title": "Kerala Ayurveda"
    },
    {
      "imgUrl": "https://onemg.gumlet.io/c_fit,f_auto,h_150,q_auto,a_ignore,w_150/qd6uzql75dcbrxkmzoly.png",
      "title": "Sugar Free"
    },
    {
      "imgUrl": "https://onemg.gumlet.io/c_fit,f_auto,h_150,q_auto,a_ignore,w_150/aubqz1qp0hvtr5mme3ac.png",
      "title": "Cofsils"
    },
    {
      "imgUrl": "https://onemg.gumlet.io/c_fit,f_auto,h_150,q_auto,a_ignore,w_150/zl9ucofhexlvnbbqycfu.jpg",
      "title": "Parachute"
    },
    {
      "imgUrl": "https://onemg.gumlet.io/c_fit,f_auto,h_150,q_auto,a_ignore,w_150/dwxy35ghnxc5bt1wavnq.png",
      "title": "Sebamed"
    },
    {
      "imgUrl": "https://onemg.gumlet.io/c_fit,f_auto,h_150,q_auto,a_ignore,w_150/erijhlrytyh1wl1tflhu.png",
      "title": "Lacto Calamine"
    },
    {
      "imgUrl": "https://onemg.gumlet.io/c_fit,f_auto,h_150,q_auto,a_ignore,w_150/sndv91v2nbfjomzol9qt.png",
      "title": "OneTouch"
    }
  ]
}
