{
  "selection1": [
    {
      "imgUrl": "https://onemg.gumlet.io/c_fit,f_auto,h_150,q_auto,a_ignore,w_150/cabpuknnlyyzgqfnb4x5.png",
      "title": "Vitamins & Supplements"
    },
    {
      "imgUrl": "https://onemg.gumlet.io/c_fit,f_auto,h_150,q_auto,a_ignore,w_150/x2z8u1osqutmxvx56hlw.png",
      "title": "Ayurveda"
    },
    {
      "imgUrl": "https://onemg.gumlet.io/c_fit,f_auto,h_150,q_auto,a_ignore,w_150/qjfdkz5njmk9n7vvrbb3.png",
      "title": "Healthcare Devices"
    },
    {
      "imgUrl": "https://onemg.gumlet.io/c_fit,f_auto,h_150,q_auto,a_ignore,w_150/uq1gwxslqqrxxwv6zi6j.jpg",
      "title": "Nutritional Drinks"
    },
    {
      "imgUrl": "https://onemg.gumlet.io/c_fit,f_auto,h_150,q_auto,a_ignore,w_150/p1blaka183nc1zlil8tq.png",
      "title": "Sexual Wellness"
    },
    {
      "imgUrl": "https://onemg.gumlet.io/c_fit,f_auto,h_150,q_auto,a_ignore,w_150/j7ruar88gacbzksuadjn.png",
      "title": "Homeopathy"
    },
    {
      "imgUrl": "https://onemg.gumlet.io/c_fit,f_auto,h_150,q_auto,a_ignore,w_150/xbppadk1l0w7wferh2uk.png",
      "title": "Diabetes Care"
    },
    {
      "imgUrl": "https://onemg.gumlet.io/c_fit,f_auto,h_150,q_auto,a_ignore,w_150/bkhusfgfiu9qedowph2i.png",
      "title": "Skin Care"
    },
    {
      "imgUrl": "https://onemg.gumlet.io/c_fit,f_auto,h_150,q_auto,a_ignore,w_150/htqiurbbhwmrxkvdzwkg.png",
      "title": "Elderly Care"
    }
  ]
}
