{
  "imgUrl": [
    {
      "imgUrl": "https://onemg.gumlet.io/c_fit,f_auto,h_150,q_auto,a_ignore,w_150/hgzkyio2rphkn6wjif94.png",
      "title": "Diabetes Care"
    },
    {
      "imgUrl": "https://onemg.gumlet.io/c_fit,f_auto,h_150,q_auto,a_ignore,w_150/zo7sc14nqpt6ebeojkvr.png",
      "title": "Cardiac Care"
    },
    {
      "imgUrl": "https://onemg.gumlet.io/c_fit,f_auto,h_150,q_auto,a_ignore,w_150/ttagxlnxulsvkyv9fetr.png",
      "title": "Stomach Care"
    },
    {
      "imgUrl": "https://onemg.gumlet.io/c_fit,f_auto,h_150,q_auto,a_ignore,w_150/ijgn7fhyq8ig0welmrcp.png",
      "title": "Liver Care"
    },
    {
      "imgUrl": "https://onemg.gumlet.io/c_fit,f_auto,h_150,q_auto,a_ignore,w_150/zytsldnf5mvb0u19ydep.png",
      "title": "Kidney Care"
    },
    {
      "imgUrl": "https://onemg.gumlet.io/c_fit,f_auto,h_150,q_auto,a_ignore,w_150/ywohqm4txnehsmibypaz.png",
      "title": "Bone, Joint & Muscle Care"
    },
    {
      "imgUrl": "https://onemg.gumlet.io/c_fit,f_auto,h_150,q_auto,a_ignore,w_150/hn5bpr1ci2do5kdub51v.png",
      "title": "Pain Relief"
    },
    {
      "imgUrl": "https://onemg.gumlet.io/c_fit,f_auto,h_150,q_auto,a_ignore,w_150/hr9vysj9cy0sfjs3mpg0.png",
      "title": "Respiratory Care"
    },
    {
      "imgUrl": "https://onemg.gumlet.io/c_fit,f_auto,h_150,q_auto,a_ignore,w_150/t0ehbhfrkughfxoygvs2.png",
      "title": "Eye Care"
    }
  ]
}
